{
  "val_state": {
    "score": 0.5576923076923077,
    "metrics": {
      "wsc": {
        "major": 0.5576923076923077,
        "minor": {
          "acc": 0.5576923076923077
        }
      }
    },
    "train_state": {
      "global_steps": 7000,
      "task_steps": {
        "wsc": 7000
      }
    }
  },
  "val_metrics": {
    "wsc": {
      "major": 0.5576923076923077,
      "minor": {
        "acc": 0.5576923076923077
      }
    }
  }
}