{
  "val_state": {
    "score": 0.6346153846153846,
    "metrics": {
      "wsc": {
        "major": 0.6346153846153846,
        "minor": {
          "acc": 0.6346153846153846
        }
      }
    },
    "train_state": {
      "global_steps": 14000,
      "task_steps": {
        "wsc": 14000
      }
    }
  },
  "val_metrics": {
    "wsc": {
      "major": 0.6346153846153846,
      "minor": {
        "acc": 0.6346153846153846
      }
    }
  }
}