{
  "val_state": {
    "score": 0.6442307692307693,
    "metrics": {
      "wsc": {
        "major": 0.6442307692307693,
        "minor": {
          "acc": 0.6442307692307693
        }
      }
    },
    "train_state": {
      "global_steps": 7000,
      "task_steps": {
        "wsc": 7000
      }
    }
  },
  "val_metrics": {
    "wsc": {
      "major": 0.6442307692307693,
      "minor": {
        "acc": 0.6442307692307693
      }
    }
  }
}