{
  "val_state": {
    "score": 0.9436922390056396,
    "metrics": {
      "stsb": {
        "major": 0.9436922390056396,
        "minor": {
          "pearson": 0.9454524811493972,
          "spearmanr": 0.941931996861882,
          "corr": 0.9436922390056396
        }
      }
    },
    "train_state": {
      "global_steps": 3600,
      "task_steps": {
        "stsb": 3600
      }
    }
  },
  "val_metrics": {
    "stsb": {
      "major": 0.9436922390056396,
      "minor": {
        "pearson": 0.9454524811493972,
        "spearmanr": 0.941931996861882,
        "corr": 0.9436922390056396
      }
    }
  }
}