{
  "val_state": {
    "score": 0.06595751630562285,
    "metrics": {
      "stsb": {
        "major": 0.06595751630562285,
        "minor": {
          "pearson": 0.06332862932354097,
          "spearmanr": 0.06858640328770473,
          "corr": 0.06595751630562285
        }
      }
    },
    "train_state": {
      "global_steps": 3600,
      "task_steps": {
        "stsb": 3600
      }
    }
  },
  "val_metrics": {
    "stsb": {
      "major": 0.06595751630562285,
      "minor": {
        "pearson": 0.06332862932354097,
        "spearmanr": 0.06858640328770473,
        "corr": 0.06595751630562285
      }
    }
  }
}