{
  "val_state": {
    "score": 0.9450822815306096,
    "metrics": {
      "stsb": {
        "major": 0.9450822815306096,
        "minor": {
          "pearson": 0.947445285121035,
          "spearmanr": 0.9427192779401842,
          "corr": 0.9450822815306096
        }
      }
    },
    "train_state": {
      "global_steps": 7190,
      "task_steps": {
        "stsb": 7190
      }
    }
  },
  "val_metrics": {
    "stsb": {
      "major": 0.9450822815306096,
      "minor": {
        "pearson": 0.947445285121035,
        "spearmanr": 0.9427192779401842,
        "corr": 0.9450822815306096
      }
    }
  }
}