{
  "val_state": {
    "score": 0.9457152807083544,
    "metrics": {
      "stsb": {
        "major": 0.9457152807083544,
        "minor": {
          "pearson": 0.9483337584053899,
          "spearmanr": 0.943096803011319,
          "corr": 0.9457152807083544
        }
      }
    },
    "train_state": {
      "global_steps": 3600,
      "task_steps": {
        "stsb": 3600
      }
    }
  },
  "val_metrics": {
    "stsb": {
      "major": 0.9457152807083544,
      "minor": {
        "pearson": 0.9483337584053899,
        "spearmanr": 0.943096803011319,
        "corr": 0.9457152807083544
      }
    }
  }
}