{
  "val_state": {
    "score": 0.06798970179064878,
    "metrics": {
      "stsb": {
        "major": 0.06798970179064878,
        "minor": {
          "pearson": 0.03402474802562081,
          "spearmanr": 0.10195465555567676,
          "corr": 0.06798970179064878
        }
      }
    },
    "train_state": {
      "global_steps": 7190,
      "task_steps": {
        "stsb": 7190
      }
    }
  },
  "val_metrics": {
    "stsb": {
      "major": 0.06798970179064878,
      "minor": {
        "pearson": 0.03402474802562081,
        "spearmanr": 0.10195465555567676,
        "corr": 0.06798970179064878
      }
    }
  }
}