{
  "val_state": {
    "score": 0.9390156926836982,
    "metrics": {
      "stsb": {
        "major": 0.9390156926836982,
        "minor": {
          "pearson": 0.9407263539619126,
          "spearmanr": 0.9373050314054838,
          "corr": 0.9390156926836982
        }
      }
    },
    "train_state": {
      "global_steps": 3600,
      "task_steps": {
        "stsb": 3600
      }
    }
  },
  "val_metrics": {
    "stsb": {
      "major": 0.9390156926836982,
      "minor": {
        "pearson": 0.9407263539619126,
        "spearmanr": 0.9373050314054838,
        "corr": 0.9390156926836982
      }
    }
  }
}