{
  "val_state": {
    "score": 0.2139378422828213,
    "metrics": {
      "stsb": {
        "major": 0.2139378422828213,
        "minor": {
          "pearson": 0.21517995975906193,
          "spearmanr": 0.21269572480658067,
          "corr": 0.2139378422828213
        }
      }
    },
    "train_state": {
      "global_steps": 7190,
      "task_steps": {
        "stsb": 7190
      }
    }
  },
  "val_metrics": {
    "stsb": {
      "major": 0.2139378422828213,
      "minor": {
        "pearson": 0.21517995975906193,
        "spearmanr": 0.21269572480658067,
        "corr": 0.2139378422828213
      }
    }
  }
}