{
  "val_state": {
    "score": 0.9382389223062312,
    "metrics": {
      "stsb": {
        "major": 0.9382389223062312,
        "minor": {
          "pearson": 0.9410357061036939,
          "spearmanr": 0.9354421385087685,
          "corr": 0.9382389223062312
        }
      }
    },
    "train_state": {
      "global_steps": 7190,
      "task_steps": {
        "stsb": 7190
      }
    }
  },
  "val_metrics": {
    "stsb": {
      "major": 0.9382389223062312,
      "minor": {
        "pearson": 0.9410357061036939,
        "spearmanr": 0.9354421385087685,
        "corr": 0.9382389223062312
      }
    }
  }
}